id,name,connection,country,province,district,sector,headmaster_phone,coordinates
gs-kanazi,GS Kanazi,Connected,Rwanda,Eastern,Bugesera,Nyamata,0788796165,
gs-musenyi,GS Musenyi,Connected,Rwanda,Eastern,Bugesera,Musenyi,0782742855,
gs-muyenzi,GS Muyenzi,Connected,Rwanda,Eastern,Bugesera,Mayange,0787881007,
gs-rulindo,GS Rulindo,Connected,Rwanda,Eastern,Bugesera,Musenyi,0788558788,
gs-rushubi,GS Rushubi,Connected,Rwanda,Eastern,Bugesera,Juru,0788810381,
g-s-cyanika,G.S Cyanika,Connected,Rwanda,Northern,Burera,Cyanika,0788675817,
gs-buyanga,GS Buyanga,Connected,Rwanda,Northern,Burera,Butaro,0785599467 / 0788752676,
gs-kaganda,GS Kaganda,Connected,Rwanda,Northern,Burera,Kinyababa,0788614149,
gs-nyabizi,GS Nyabizi,Connected,Rwanda,Northern,Burera,Kinyababa,0788610347,
gs-rutovu,GS Rutovu,Connected,Rwanda,Northern,Burera,Kinyababa,0788516987,
gs-cyanika,GS Cyanika,Connected,Rwanda,Northern,Gakenke,Coko,0788884613,
gs-muhura,GS Muhura,Connected,Rwanda,Eastern,Gatsibo,Muhura,0783527169,
gs-muhura-taba,GS Muhura Taba,Connected,Rwanda,Eastern,Gatsibo,Muhura,0786207395,
gs-nyabicwamba,GS Nyabicwamba,Connected,Rwanda,Eastern,Gatsibo,Gatsibo,0788813301,
gs-nyabiheke,GS Nyabiheke,Connected,Rwanda,Eastern,Gatsibo,Gatsibo,0788598407,
ear-kageyo-vtc,EAR Kageyo VTC,Connected,Rwanda,Northern,Gicumbi,Kageyo,0791519957,
gs-bugomba,GS Bugomba,Connected,Rwanda,Northern,Gicumbi,Kaniga,0788785950,
gs-mafurebo,GS Mafurebo,Connected,Rwanda,Northern,Gicumbi,Manyagiro,0788488191,
gs-mugera,GS Mugera,Connected,Rwanda,Northern,Gicumbi,Manyagiro,0782244156,
gs-mukarange,GS Mukarange,Connected,Rwanda,Northern,Gicumbi,Mukarange,0788729771,
gs-runanga,GS Runanga,Connected,Rwanda,Northern,Gicumbi,Nyamiyaga,0783123010,
gs-mugombwa,GS Mugombwa,Connected,Rwanda,Southern,Gisagara,Mugombwa,0783513146,
gs-kabuga,GS Kabuga,Connected,Rwanda,Southern,Huye,Mbazi,0784000974,
college-amohoro,College Amohoro,Connected,Rwanda,Western,Karongi,Rwankuba,0788727087,
gs-cyinama,GS Cyinama,Connected,Rwanda,Western,Karongi,Mubuga,0735964150,
african-olympiad-academy,African Olympiad Academy,Connected,Rwanda,Kigali,Kicukiro,Kanombe,,
es-nyarubuye,ES Nyarubuye,Connected,Rwanda,Eastern,Kirehe,Nyarubuye,0788557508,
gs-mugogo,GS Mugogo,Connected,Rwanda,Eastern,Kirehe,Gahara,0788216153,
gs-nyankurazo,GS Nyankurazo,Connected,Rwanda,Eastern,Kirehe,Kigarama,0788674265,
gs-paysannat-l-b,GS Paysannat L B,Connected,Rwanda,Eastern,Kirehe,Mahama,0788885786,
gs-paysannat-l-d,GS Paysannat L D,Connected,Rwanda,Eastern,Kirehe,Mahama,0788297482,
gs-paysannat-l-e,GS Paysannat L E,Connected,Rwanda,Eastern,Kirehe,Mahama,0788532287,
gs-paysannat-la,GS Paysannat LA,Connected,Rwanda,Eastern,Kirehe,Mahama,0788546003,
gs-paysannat-lc,GS Paysannat LC,Connected,Rwanda,Eastern,Kirehe,Mahama,0788832345,
g-s-gashaki,G.S Gashaki,Connected,Rwanda,Northern,Musanze,Gashaki,0788441916,
gs-bilira,GS Bilira,Connected,Rwanda,Northern,Musanze,Kimonyi,0788625190,
gs-kabara,GS Kabara,Connected,Rwanda,Northern,Musanze,Kinigi,0783786151,
gs-kitabura-tss,GS Kitabura TSS,Connected,Rwanda,Northern,Musanze,Kimonyi,0783190953,
gs-kivumu,GS Kivumu,Connected,Rwanda,Northern,Musanze,Kimonyi,0788802002,
gs-st-michel-gacaca,GS St Michel Gacaca,Connected,Rwanda,Northern,Musanze,Musanze,0788401060,
gs-tero,GS Tero,Connected,Rwanda,Northern,Musanze,Musanze,0788403251,
sonrise-academy,Sonrise Academy,Connected,Rwanda,Northern,Musanze,Cyuve,0788766698,
g-s-mugega,G.S Mugega,Connected,Rwanda,Western,Ngororero,Sovu,0788538902,
gs-kanogo,GS Kanogo,Connected,Rwanda,Western,Ngororero,Muhororo,0786244448,
gs-runayu,GS Runayu,Connected,Rwanda,Western,Ngororero,Muhanda,0783029512,
gs-rwiri,GS Rwiri,Connected,Rwanda,Western,Ngororero,Muhanda,0788538775,
es-mushubi,ES Mushubi,Connected,Rwanda,Southern,Nyamagabe,Mushubi,0788560502,
gs-gasaka,GS Gasaka,Connected,Rwanda,Southern,Nyamagabe,Gasaka,0788549878,
gs-ngororero,GS Ngororero,Connected,Rwanda,Southern,Nyamagabe,Tare,0783680668,
college-officiel-mburabuturo,College Officiel Mburabuturo,Connected,Rwanda,Western,Nyamasheke,Karambi,0785561639,
gs-muraza,GS Muraza,Connected,Rwanda,Western,Nyamasheke,Kanjongo,0785051244,
gs-ruyenzi,GS Ruyenzi,Connected,Rwanda,Southern,Nyanza,Ntyazo,0788665895,
ecole-jesus-eucharistique-de-kibeho,Ecole Jesus Eucharistique de Kibeho,Connected,Rwanda,Southern,Nyaruguru,Kibeho,0722583764 / 0791095531,
gs-rwanzekuma,GS Rwanzekuma,Connected,Rwanda,Western,Rubavu,Cyanzarwe,0788464074,
gs-umubano-i,GS Umubano I,Connected,Rwanda,Western,Rubavu,Gisenyi,0783378684,
gs-umubano-ii,GS Umubano II,Connected,Rwanda,Western,Rubavu,Gisenyi,0788767631,
gs-mpada,GS Mpada,Connected,Rwanda,Southern,Ruhango,Byimana,0788692676,
gs-kabingo-tss,GS Kabingo TSS,Connected,Rwanda,Northern,Rulindo,Rukozo,0788956390,
gs-kirwa-tss,GS Kirwa TSS,Connected,Rwanda,Northern,Rulindo,Masoro,0785351882,
gs-mugenda,GS Mugenda,Connected,Rwanda,Northern,Rulindo,Rulindo,0788787396,
gs-shengampuli,GS Shengampuli,Connected,Rwanda,Northern,Rulindo,Masoro,0783565640,
gs-st-vincent-de-paul-de-muhihi,GS St. Vincent de Paul de Muhihi,Connected,Rwanda,Northern,Rulindo,Kisaro,07833344913,
gs-yanze-tss,GS Yanze TSS,Connected,Rwanda,Northern,Rulindo,Ngoma,0783191302,
gs-nyakanyinya,GS Nyakanyinya,Connected,Rwanda,Western,Rusizi,Mururu,0788812261,
bitenga-b,Bitenga B,Connected,Rwanda,Western,Rutsiro,Ruhango,0783829059,
kivu-hills-academy,Kivu Hills Academy,Connected,Rwanda,Western,Rutsiro,Boneza,0788591946,
es-rwamashyongoshyo,ES Rwamashyongoshyo,Connected,Rwanda,Eastern,Rwamagana,Gahengeri,0788436436,
gs-kitazigurwa,GS Kitazigurwa,Connected,Rwanda,Eastern,Rwamagana,Muhazi,0783733483,
gs-muyumbo,GS Muyumbo,Connected,Rwanda,Eastern,Rwamagana,Muyumbu,0788871626,
marie-rene-secondary,Marie Rene Secondary,Connected,Rwanda,Eastern,Rwamagana,Kigabiro,0788637871,
wellton-college,Wellton College,Connected,Zimbabwe,Matabeleland South,Beitbridge,,,
last-academy,Last Academy,Connected,Zimbabwe,Mashonaland Central,Bindura,,,
milestone-scholars-academy,Milestone Scholars Academy,Connected,Zimbabwe,Bulawayo,Bulawayo,,,
goldhill-college,Goldhill College,Connected,Zimbabwe,Harare,Glen Norah,,263 77 304 0557,
munyawiri-high-school,Munyawiri High School,Connected,Zimbabwe,Harare,Harare,,263775007374,
mutasa-primary,Mutasa Primary,Connected,Zimbabwe,Harare,Harare,,,
the-extravision-institute-chitungwiza,The Extravision Institute Chitungwiza,Connected,Zimbabwe,Harare,Harare,,263 77 412 0711,
transformation-center-ja,Transformation center JA,Connected,Zimbabwe,Harare,Harare,,,
zengeza-high-1,Zengeza High 1,Connected,Zimbabwe,Harare,Harare,,263 77 412 0711,
zvikomborero-junior-school,Zvikomborero Junior School,Connected,Zimbabwe,Mashonaland West,Karoi,,263 77 338 1139,
kuwadzana-2-high-school,Kuwadzana 2 High School,Connected,Zimbabwe,Harare,Kuwadzana,,,
kwekwe-high-school,Kwekwe High School,Connected,Zimbabwe,Midlands,Kwekwe,,,
elise-gledhill-highschool,Elise Gledhill Highschool,Connected,Zimbabwe,Manicaland,Manicaland,,,
ruwangwe-secondary-school,Ruwangwe Secondary School,Connected,Zimbabwe,Manicaland,Manicaland,,,
tendanayi-primary,Tendanayi Primary,Connected,Zimbabwe,Manicaland,Manicaland,,263 77 645 8605,
mushumbi-high-school,Mushumbi High School,Connected,Zimbabwe,Mashonaland Central,Mashonaland Central,,+263 77 317 4848,
bumburwi-primary,Bumburwi Primary,Connected,Zimbabwe,Mashonaland East,Mashonaland East,,,
chezengeni-primary,Chezengeni Primary,Connected,Zimbabwe,Mashonaland East,Mashonaland East,,,
usap-community-school,USAP Community School,Connected,Zimbabwe,Mashonaland East,Mashonaland East,,,
presbyterian-secondary-school,Presbyterian Secondary School,Connected,Zimbabwe,Mashonaland West,Mashonaland West,,,
rydings-college,Rydings College,Connected,Zimbabwe,Mashonaland West,Mashonaland West,,263 71 252 9990,
vimbai-high-school,Vimbai High School,Connected,Zimbabwe,Mashonaland West,Mashonaland West,,,
mkhosana-adventist-secondary-school,Mkhosana Adventist Secondary School,Connected,Zimbabwe,Matabeleland,Matabeleland,,263 77 776 1461,
mzilikazi-high-school,Mzilikazi High School,Connected,Zimbabwe,Matabeleland,Matabeleland,,,
zwangendaba-high-school,Zwangendaba High school,Connected,Zimbabwe,Matabeleland North,Matabeleland North,,,
gohole-high-school,Gohole High School,Connected,Zimbabwe,Matabeleland South,Matabeleland South,,,
nyandeni-secondary-school,Nyandeni Secondary School,Connected,Zimbabwe,Matabeleland South,Matabeleland South,,,
top-notch-school-of-sciences,Top Notch School of Sciences,Connected,Zimbabwe,Midlands,Midlands,,263 71 318 3409,
elizzy-dyllan-group-of-schools,Elizzy & Dyllan Group of Schools,Connected,Zimbabwe,Mashonaland East,Wedza,,,
mwiki-primary,Mwiki Primary,Not connected,Kenya,Nairobi,Kasarani,,0788549878,
byumba-ps,Byumba PS,Not connected,Rwanda,Northern,Burera,,0788958993,
centre-scolaire-de-kavumu-maire-du-verbe,Centre Scolaire de Kavumu Maire du Verbe,Not connected,Rwanda,Northern,Burera,,0788824413,
centre-de-formation-catechetique-et-developpement-rural,Centre de Formation Catéchétique et Développement Rural,Not connected,Rwanda,Northern,Burera,,0788657396,
enp-ttc-kirambo,ENP/TTC Kirambo,Not connected,Rwanda,Northern,Burera,,0784493477,
ep-bisayu,EP Bisayu,Not connected,Rwanda,Northern,Burera,,0783061030,
ep-gitaraga,EP Gitaraga,Not connected,Rwanda,Northern,Burera,,0783395988,
ep-kabaya,EP Kabaya,Not connected,Rwanda,Northern,Burera,,0788454505,
ep-nkumba-1,EP Nkumba 1,Not connected,Rwanda,Northern,Burera,,0788774484,
ep-nkumba-ii,EP Nkumba II,Not connected,Rwanda,Northern,Burera,,,
ep-sozi,EP Sozi,Not connected,Rwanda,Northern,Burera,,0788512247,
ecole-primaire-notre-dame-de-la-paix-ruko,Ecole Primaire Notre Dame de la Paix Ruko,Not connected,Rwanda,Northern,Burera,,0783324604,
ecole-saint-vincent-pallotti-kinoni,Ecole Saint Vincent Pallotti -Kinoni,Not connected,Rwanda,Northern,Burera,Kinoni,0788963082,
ecole-secondaire-saint-charles-lwanga-de-runaba,Ecole Secondaire Saint Charles Lwanga de Runaba,Not connected,Rwanda,Northern,Burera,,0783127393 / 0726555155,
gs-buhita-ii,GS Buhita II,Not connected,Rwanda,Northern,Burera,,0788441916,
gs-butandi,GS Butandi,Not connected,Rwanda,Northern,Burera,,0783213048,
gs-mugano,GS Mugano,Not connected,Rwanda,Northern,Burera,,0785233646,
gs-ndmc-gahunga,GS NDMC Gahunga,Not connected,Rwanda,Northern,Burera,Gahunga,0788897524,
gs-notre-dame-de-l-etoile-du-matin-karenzi,GS Notre Dame de l'Etoile du Matin Karenzi,Not connected,Rwanda,Northern,Burera,,0788895276,
gs-ruyange-i-tss,GS Ruyange I TSS,Not connected,Rwanda,Northern,Burera,,0788982755,
gs-saint-dominic-xavio-nyangwe,GS Saint Dominic Xavio Nyangwe,Not connected,Rwanda,Northern,Burera,,0783461388,
gs-st-joseph-kinoni,GS St Joseph Kinoni,Not connected,Rwanda,Northern,Burera,Kinoni,0788914107,
groupe-scolaire-jean-de-la-mennais-kirambo,Groupe Scolaire Jean de la Mennais Kirambo,Not connected,Rwanda,Northern,Burera,,0783147065,
groupe-scolaire-notre-dame-du-bon-conseil-kinyababa-tss,Groupe Scolaire Notre Dame du Bon Conseil Kinyababa TSS,Not connected,Rwanda,Northern,Burera,Kinyababa,0783006851,
groupe-scolaire-sainte-etienne-cyanika,Groupe Scolaire Sainte Etienne Cyanika,Not connected,Rwanda,Northern,Burera,Cyanika,0780062652,
karangara-p-school,Karangara P. School,Not connected,Rwanda,Northern,Burera,,0787709125,
mugarama-holy-spirit-primary-school-ep-mugarama,Mugarama Holy Spirit Primary School (EP Mugarama),Not connected,Rwanda,Northern,Burera,,0785428041,
runaba-vocational-training-center,Runaba Vocational Training Center,Not connected,Rwanda,Northern,Burera,,0785820693,
saint-kizito-mwiko-primary-school,Saint Kizito Mwiko Primary School,Not connected,Rwanda,Northern,Burera,,0788669650,
ep-buyange,EP Buyange,Not connected,Rwanda,Northern,Gakenke,,0788693436,
ep-gitabi,EP Gitabi,Not connected,Rwanda,Northern,Gakenke,,0781939706,
ep-kiliba,EP Kiliba,Not connected,Rwanda,Northern,Gakenke,,0785137838,
ep-kivune,EP Kivune,Not connected,Rwanda,Northern,Gakenke,,0785232902,
ep-muyaga,EP Muyaga,Not connected,Rwanda,Northern,Gakenke,,0788891098,
ep-mwanza,EP Mwanza,Not connected,Rwanda,Northern,Gakenke,,0788289089,
ep-rusasa,EP Rusasa,Not connected,Rwanda,Northern,Gakenke,Rusasa,0786934427,
ep-saint-jean-baptiste-rukore-i,EP Saint Jean Baptiste Rukore I,Not connected,Rwanda,Northern,Gakenke,,0786014201,
ep-sainte-agathe-nemba,EP Sainte Agathe Nemba,Not connected,Rwanda,Northern,Gakenke,Nemba,0788802901,
ep-st-jean-de-la-croix-karama,EP St Jean de la Croix Karama,Not connected,Rwanda,Northern,Gakenke,,0785233646,
g-s-murambi-ii-saint-therese,G.S Murambi II/Saint Therese,Not connected,Rwanda,Northern,Gakenke,,0783113790,
g-s-saint-leonidas-mwumba,G.S Saint Léonidas Mwumba,Not connected,Rwanda,Northern,Gakenke,,0789505760,
gs-mataba,GS Mataba,Not connected,Rwanda,Northern,Gakenke,Mataba,0788655194,
gs-munini,GS Munini,Not connected,Rwanda,Northern,Gakenke,,0784475540,
gs-rusoro,GS Rusoro,Not connected,Rwanda,Northern,Gakenke,,0780749428,
gs-rutake,GS Rutake,Not connected,Rwanda,Northern,Gakenke,,0784105858,
gsndg-janja,GSNDG Janja,Not connected,Rwanda,Northern,Gakenke,Janja,0782842357,
groupe-scolaire-rutabo,Groupe Scolaire Rutabo,Not connected,Rwanda,Northern,Gakenke,,0783117024,
ep-bitare,EP Bitare,Not connected,Rwanda,Southern,Huye,,0783680668,
ep-shanga,EP Shanga,Not connected,Rwanda,Southern,Huye,,0788823410,
ep-gihunga,EP Gihunga,Not connected,Rwanda,Western,Karongi,,0782014003,
busogo-vtc-saint-martin,Busogo VTC Saint Martin,Not connected,Rwanda,Northern,Musanze,Busogo,0785770909 / 0789653846,
c-s-rugali,C.S Rugali,Not connected,Rwanda,Northern,Musanze,,0788403251,
c-s-rungu,C.S Rungu,Not connected,Rwanda,Northern,Musanze,,0788972070,
c-s-rwaza-ii-ste-bernadette,C.S Rwaza II/Ste Bernadette,Not connected,Rwanda,Northern,Musanze,Rwaza,0788858097,
cs-nkurura,CS Nkurura,Not connected,Rwanda,Northern,Musanze,,0785267090,
cs-notre-dame-du-mont-calmer-de-nyamagumba,CS Notre Dame du Mont Calmer de Nyamagumba,Not connected,Rwanda,Northern,Musanze,,0788581584,
csnd-de-fatima,CSND de Fatima,Not connected,Rwanda,Northern,Musanze,,0786180176,
centre-scolaire-st-pierre-apotre-gahondogo,Centre Scolaire St Pierre Apôtre Gahondogo,Not connected,Rwanda,Northern,Musanze,,0783290851,
ep-rutoyi,EP Rutoyi,Not connected,Rwanda,Northern,Musanze,,0788670395,
ep-saint-joseph-kiryi,EP Saint Joseph Kiryi,Not connected,Rwanda,Northern,Musanze,,0782128163,
ep-shashi,EP Shashi,Not connected,Rwanda,Northern,Musanze,,0788806209,
etefop-tss,ETEFOP TSS,Not connected,Rwanda,Northern,Musanze,,0788657396,
ecole-saint-marc-ruhengeri,Ecole Saint Marc Ruhengeri,Not connected,Rwanda,Northern,Musanze,,0783521023,
ecole-des-sciences-de-musanze-notre-dame-de-l-etoile,Ecole des Sciences de Musanze Notre Dame de l'Etoile,Not connected,Rwanda,Northern,Musanze,,0788869246,
g-s-nkurura,G.S Nkurura,Not connected,Rwanda,Northern,Musanze,,0783323816,
g-s-st-aloys-musanze-i,G.S St Aloys Musanze I,Not connected,Rwanda,Northern,Musanze,,0783110422,
g-s-st-joseph-gashaki,G.S St Joseph Gashaki,Not connected,Rwanda,Northern,Musanze,Gashaki,0788442138,
gs-bumara,GS Bumara,Not connected,Rwanda,Northern,Musanze,,0788606102,
gs-busogo-i,GS Busogo I,Not connected,Rwanda,Northern,Musanze,Busogo,0788401060,
gs-busogo-ii,GS Busogo II,Not connected,Rwanda,Northern,Musanze,Busogo,0788614149,
gs-gakoro,GS Gakoro,Not connected,Rwanda,Northern,Musanze,,0785501095,
gs-kabere,GS Kabere,Not connected,Rwanda,Northern,Musanze,,0785010182,
gs-kagano,GS Kagano,Not connected,Rwanda,Northern,Musanze,,0788605520,
gs-karwasa,GS Karwasa,Not connected,Rwanda,Northern,Musanze,,0782471953,
gs-muko-tss,GS Muko TSS,Not connected,Rwanda,Northern,Musanze,Muko,0788552442,
gs-ntarama,GS Ntarama,Not connected,Rwanda,Northern,Musanze,,0788670395,
gs-nyakinama-i-tss,GS Nyakinama I TSS,Not connected,Rwanda,Northern,Musanze,,0788806254,
gs-remera-tss,GS Remera TSS,Not connected,Rwanda,Northern,Musanze,Remera,0783157105,
gs-rugalika,GS Rugalika,Not connected,Rwanda,Northern,Musanze,,0783110422,
gs-st-luc-shingiro,GS St Luc Shingiro,Not connected,Rwanda,Northern,Musanze,Shingiro,0788416224,
gs-st-pierre-nyange,GS St Pierre Nyange,Not connected,Rwanda,Northern,Musanze,Nyange,0783189718,
gs-st-stella-matutina-gitinda,GS St Stella Matutina Gitinda,Not connected,Rwanda,Northern,Musanze,,0783810278,
gs-st-therese-kamisave,GS St Therese Kamisave,Not connected,Rwanda,Northern,Musanze,,0787621800,
gasiza-primary-school,Gasiza Primary School,Not connected,Rwanda,Northern,Musanze,,,
groupe-scolaire-cyondo,Groupe Scolaire Cyondo,Not connected,Rwanda,Northern,Musanze,,0782101910,
groupe-scolaire-marie-reine-rwaza,Groupe Scolaire Marie Reine Rwaza,Not connected,Rwanda,Northern,Musanze,Rwaza,0788675817,
groupe-scolaire-notre-dame-des-apotres-rwaza-gsnda-rwaza,Groupe Scolaire Notre Dame des Apotres Rwaza (GSNDA Rwaza),Not connected,Rwanda,Northern,Musanze,Rwaza,0788512247,
groupe-scolaire-rugali-g-s-rugali,Groupe Scolaire Rugali(G.S Rugali),Not connected,Rwanda,Northern,Musanze,,0783333436,
groupe-scolaire-shashi,Groupe Scolaire Shashi,Not connected,Rwanda,Northern,Musanze,,0783184478,
mother-elisea-school,Mother Elisea School,Not connected,Rwanda,Northern,Musanze,,0780373434,
ninda-primary-school,Ninda Primary School,Not connected,Rwanda,Northern,Musanze,,0783749366,
sancta-clara-school,Sancta Clara School,Not connected,Rwanda,Northern,Musanze,,0788594452,
ep-kanyove,EP Kanyove,Not connected,Rwanda,Western,Nyabihu,,0788738685,
ep-kanyove1,EP Kanyove1,Not connected,Rwanda,Western,Nyabihu,,0788935116,
ep-mukirangwe,EP Mukirangwe,Not connected,Rwanda,Western,Nyabihu,,0788594452,
gs-cyanika-2,GS Cyanika,Not connected,Rwanda,Western,Nyabihu,,0786769612,
gs-gacurabwenge,GS Gacurabwenge,Not connected,Rwanda,Western,Nyabihu,,0788231708,
gs-murama-tss,GS Murama TSS,Not connected,Rwanda,Western,Nyabihu,,0788466743,
e-p-kaviri,E.P Kaviri,Not connected,Rwanda,Southern,Nyamagabe,,0785010182,
emsa,EMSA,Not connected,Rwanda,Southern,Nyamagabe,,0788769047,
ep-bushigishigi,EP Bushigishigi,Not connected,Rwanda,Southern,Nyamagabe,,0789185162,
ep-kizimyamuriro,EP Kizimyamuriro,Not connected,Rwanda,Southern,Nyamagabe,,0783184478,
ep-mujuga,EP Mujuga,Not connected,Rwanda,Southern,Nyamagabe,,0792458486,
ep-muyange,EP Muyange,Not connected,Rwanda,Southern,Nyamagabe,,,
ep-nkore,EP Nkore,Not connected,Rwanda,Southern,Nyamagabe,,0729506823,
ep-nyarusazi,EP Nyarusazi,Not connected,Rwanda,Southern,Nyamagabe,,,
ep-uwingugu,EP Uwingugu,Not connected,Rwanda,Southern,Nyamagabe,,0788571788,
gs-gisanze,GS Gisanze,Not connected,Rwanda,Southern,Nyamagabe,,0788531450,
gs-kibumbwe,GS Kibumbwe,Not connected,Rwanda,Southern,Nyamagabe,Kibumbwe,0783179746,
gs-kibyagira,GS Kibyagira,Not connected,Rwanda,Southern,Nyamagabe,,,
gs-kinyana,GS Kinyana,Not connected,Rwanda,Southern,Nyamagabe,,0788605529,
gs-maso,GS Maso,Not connected,Rwanda,Southern,Nyamagabe,,,
gs-saint-vincent-de-paul-kamegeri,GS Saint Vincent de Paul Kamegeri,Not connected,Rwanda,Southern,Nyamagabe,Kamegeli,0785988102,
groupe-scolaire-notre-dame-de-la-sagesse-kitabi-tss,Groupe Scolaire Notre Dame de la Sagesse Kitabi TSS,Not connected,Rwanda,Southern,Nyamagabe,Kitabi,0788583833,
groupe-scolaire-sainte-marie-reine-rususa,Groupe Scolaire Sainte Marie Reine Rususa,Not connected,Rwanda,Southern,Nyamagabe,,0785595256,
muganza-ps,Muganza PS,Not connected,Rwanda,Southern,Nyamagabe,,0786786512,
ep-bukoro,EP Bukoro,Not connected,Rwanda,Southern,Nyaruguru,,0783263656,
ep-giheta,EP Giheta,Not connected,Rwanda,Southern,Nyaruguru,,0788670395,
ep-giseke,EP Giseke,Not connected,Rwanda,Southern,Nyaruguru,,0783018301,
ep-nkanda,EP Nkanda,Not connected,Rwanda,Southern,Nyaruguru,,0788454335,
ep-nyarushishi,EP Nyarushishi,Not connected,Rwanda,Southern,Nyaruguru,,0788669750,
ep-rwishywa,EP Rwishywa,Not connected,Rwanda,Southern,Nyaruguru,,0783764045,
g-s-nyabimata-tss,G.S Nyabimata TSS,Not connected,Rwanda,Southern,Nyaruguru,Nyabimata,0788625190,
g-s-rugerero,G.S Rugerero,Not connected,Rwanda,Southern,Nyaruguru,,0788454505,
g-s-sekera,G.S Sekera,Not connected,Rwanda,Southern,Nyaruguru,,0783865830,
gs-musebeya-tss,GS Musebeya TSS,Not connected,Rwanda,Southern,Nyaruguru,,0788260724,
gs-ruramba-tss,GS Ruramba TSS,Not connected,Rwanda,Southern,Nyaruguru,Ruramba,0788663816,
gs-saint-francois-d-assise-gihemvu,GS Saint Francois d'Assise Gihemvu,Not connected,Rwanda,Southern,Nyaruguru,,0788672683,
gs-saint-paul-kibeho,GS Saint Paul Kibeho,Not connected,Rwanda,Southern,Nyaruguru,Kibeho,0783687266,
